District,Activity,Type,Picture,Picture Link,Cost,Route,,,,Route Notes,Latitude,Longitute,Link,Description
,,,,,,,,,,,,,,
UCLA,Tunneling,Explore,tunnel.jpg,"photo credit: <a href=""https://www.flickr.com/photos/flashesofpanic/161110491/"">pjmorse</a> via <a href=""http://photopin.com"">photopin</a> <a href=""http://creativecommons.org/licenses/by-sa/2.0/"">cc</a>",0,N/A,,,,,34.075049,-118.440433,http://mysbfiles.stonybrook.edu/~delton/UE/Maps/UCLA.gif,"On every UCLA students' bucketlist- Miles of steam tunnels underneath the campus. Maintenance has been sealing off entrances, but you can still find some around. Destinations to visit include the YRL underground library, Macgowan prop room, Chem lab storage, Pauley, Underground bridge"
UCLA,Royce Towers,Explore,royce.jpg,"photo credit: <a href=""https://www.flickr.com/photos/evang/5227803939/"">Evan G</a> via <a href=""http://photopin.com"">photopin</a> <a href=""http://creativecommons.org/licenses/by-nc-nd/2.0/"">cc</a>",0,N/A,,,,,34.072543,-118.442204,,Find your way in and enjoy a view from one of UCLA's most iconic buildings. Flashlight recommended.
UCLA,Powell Rotunda ,Explore,powell.jpg,"photo credit: <a href=""https://www.flickr.com/photos/ideowl/2654054533/"">ideowl</a> via <a href=""http://photopin.com"">photopin</a> <a href=""http://creativecommons.org/licenses/by/2.0/"">cc</a>",0,N/A,,,,,34.071916,-118.442174,,"If you're lucky and the door's unlocked, you'll have to squeeze up a narrow ladder and walk on sketchy planks to get here. Great for study breaks."
UCLA,Botanical Garden,Chill,garden.jpg,"photo credit: <a href=""https://www.flickr.com/photos/cindyluhoo87/7247867256/"">cindyluhoo87</a> via <a href=""http://photopin.com"">photopin</a> <a href=""http://creativecommons.org/licenses/by-nd/2.0/"">cc</a>",0,N/A,,,,,34.066181,-118.441571,http://www.botgard.ucla.edu/,"Nestled in UCLA's south-east corner, it's a peaceful area to eat lunch, catch up with a friend, or just chill by yourself. Contains turtles, bamboo, and benches."
UCLA,Crow's Nest,Chill,crow.jpg,"photo credit: <a href=""https://www.flickr.com/photos/neilarmstrong2/5314950169/"">Neil Kremer</a> via <a href=""http://photopin.com"">photopin</a> <a href=""http://creativecommons.org/licenses/by-nd/2.0/"">cc</a>",0,N/A,,,,,34.076828,-118.439548,,Look around the top level of Parking Lot 3 and you'll find this chill spot with a clear view of downtown. Best for night
UCLA,Fowler Museum,Chill,fowler.jpg,"photo credit: <a href=""https://www.flickr.com/photos/afagen/10148539535/"">afagen</a> via <a href=""http://photopin.com"">photopin</a> <a href=""http://creativecommons.org/licenses/by-nc-sa/2.0/"">cc</a>",0,N/A,,,,,34.072655,-118.443054,http://www.fowler.ucla.edu/,Art and history exhibits. Courtyard is a good place to get away and chill
UCLA,Planetarium Show,Activity,star.jpg,"photo credit: <a href=""https://www.flickr.com/photos/29225114@N08/14016692823/"">Sergei Golyshev</a> via <a href=""http://photopin.com"">photopin</a> <a href=""http://creativecommons.org/licenses/by-nc-sa/2.0/"">cc</a>",0,N/A,,,,,34.069221,-118.442932,http://www.astro.ucla.edu/planetarium/,Free show every Wednesday night
UCLA,Sculpture Garden,Chill,sculpt.jpg,"photo credit: <a href=""https://www.flickr.com/photos/kakachu/2262028858/"">kakachu</a> via <a href=""http://photopin.com"">photopin</a> <a href=""http://creativecommons.org/licenses/by-nc-sa/2.0/"">cc</a>",0,N/A,,,,,34.075117,-118.440013,http://hammer.ucla.edu/collections/franklin-d-murphy-sculpture-garden/,Random sculptures- good place to lie on the lawn and relax
UCLA,Roofing,Explore,roofing.jpg,phone,0,N/A,,,,,34.076001,-118.440815,,"Good way to spend an evening. List includes: Broad Kerchoff, Boelter/MS, Public Affairs, Physics Astronomy, Ackerman, Pauley, YRL, Folwer, Knudsen, Engr IV, Factor"
,,,,,,,,,,,,,,
Westwood/Brentwood,Diddy Riese,Food/Drink,diddy.jpg,"photo credit: <a href=""https://www.flickr.com/photos/tobin/539031592/"">tobo</a> via <a href=""http://photopin.com"">photopin</a> <a href=""http://creativecommons.org/licenses/by-sa/2.0/"">cc</a>",$,N/A,,,,,34.06298,-118.44688,http://diddyriese.com/,Classic and cheap. Long lines on weekend nights
Westwood/Brentwood,Restaurants,Food/Drink,800.jpg,"photo credit: <a href=""https://www.flickr.com/photos/30122252@N02/14497191004/"">travelswithtwo</a> via <a href=""http://photopin.com"">photopin</a> <a href=""http://creativecommons.org/licenses/by-nc-nd/2.0/"">cc</a>",$,N/A,,,,,34.06076,-118.445398,http://www.yelp.com/search?find_desc=Best+Restaurants+In+Westwood&find_loc=Los+Angeles%2C+CA,"Restaurants such as Bella Pita (falafels), Yamadaya (ramen), 800 degrees (pizza), Fat Sal's (sandwiches), TLT (tacos) and more"
Westwood/Brentwood,Persian Square,Food/Drink,persian.jpg,"photo credit: <a href=""https://www.flickr.com/photos/babairan/3989970280/"">Mamooli</a> via <a href=""http://photopin.com"">photopin</a> <a href=""http://creativecommons.org/licenses/by-nc-sa/2.0/"">cc</a>",$,N/A,,,,,34.056154,-118.442278,http://www.discoverlosangeles.com/blog/definitive-guide-persian-square,"Persian restaurants and stores- try Saffron and Rose for Persian ice cream, Attari for tounge/brain sandwiches, or Shamshiri for Persian food to name a few"
Westwood/Brentwood,Sweet Rose Creamery,Food/Drink,sweet_rose.jpg,"photo credit: <a href=""https://www.flickr.com/photos/muyyum/4666003384/"">Muy Yum</a> via <a href=""http://photopin.com"">photopin</a> <a href=""http://creativecommons.org/licenses/by-nc-nd/2.0/"">cc</a>",$,2/302,,,,,34.055474,-118.442056,http://www.sweetrosecreamery.com/,"Unique and rich flavors, close drive to campus- also one in Santa Monica off the 2 or 3"
Westwood/Brentwood,The Hammer,Chill,hammer.jpg,"photo credit: <a href=""https://www.flickr.com/photos/shapeofthings/11743183894/"">ShapeThings</a> via <a href=""http://photopin.com"">photopin</a> <a href=""http://creativecommons.org/licenses/by-nc-nd/2.0/"">cc</a>",0,N/A,,,,,34.059354,-118.443483,http://hammer.ucla.edu/,Interesting art exhibits that change constantly. Free entry for students
,,,,,,,,,,,,,,
Santa Monica,Santa Monica Pier,Chill,sm_pier.jpg,"photo credit: <a href=""https://www.flickr.com/photos/pedrosz/3407068070/"">szeke</a> via <a href=""http://photopin.com"">photopin</a> <a href=""http://creativecommons.org/licenses/by-nc-sa/2.0/"">cc</a>",$,1,2,3,720,,34.009305,-118.497543,http://santamonicapier.org/,"Rides, street vendors, aquarium, view"
Santa Monica,Surf rental,Activity,sm_surf.jpg,"photo credit: <a href=""https://www.flickr.com/photos/chrisgold/12215484355/"">ChrisGoldNY</a> via <a href=""http://photopin.com"">photopin</a> <a href=""http://creativecommons.org/licenses/by-nc/2.0/"">cc</a>",$$,1,2,3,720,,34.004794,-118.49035,http://www.yelp.com/search?findhttp://www.yelp.com/search?find_desc=Surf+Board+Rentals&find_loc=Santa+Monica%2C+CA_desc=Surf+Board+Rentals&find_loc=Santa+Monica%2C+CA,Learn how to surf
Santa Monica,Jungle Gym,Activity,sm_jungle.jpg,"photo credit: <a href=""https://www.flickr.com/photos/rossap/9585652706/"">ROSS HONG KONG</a> via <a href=""http://photopin.com"">photopin</a> <a href=""http://creativecommons.org/licenses/by-nc-sa/2.0/"">cc</a>",0,1,2,3,720,,34.008133,-118.494985,http://www.yelp.com/biz/swings-rings-ropes-santa-monica-pier-santa-monica,"Adult sized playground with swings, slack lining, rope climbs, etc"
Santa Monica,Beach,Chill,sm_beach.jpg,"photo credit: <a href=""https://www.flickr.com/photos/pedrosz/3407068070/"">szeke</a> via <a href=""http://photopin.com"">photopin</a> <a href=""http://creativecommons.org/licenses/by-nc-sa/2.0/"">cc</a>",0,1,2,3,720,,34.008365,-118.496036,http://www.yelp.com/biz/santa-monica-state-beach-santa-monica,"Chillax. In June, stand in the water at night and feel the thousands of sandcrabs crawl over your feet."
Santa Monica,DK Donuts and Bakery,Food/Drink,dk.png,,$,1,2,,,,34.025785,-118.483382,http://www.dksdonuts.com/,"Wownuts/Conuts (waffle/croissant & donuts), Ube donuts, and more"
Santa Monica,Bay Cities Italian Deli,Food/Drink,bay_deli.jpg,"photo credit: <a href=""https://www.flickr.com/photos/muyyum/4917361573/"">Muy Yum</a> via <a href=""http://photopin.com"">photopin</a> <a href=""http://creativecommons.org/licenses/by-nc-nd/2.0/"">cc</a>",$,1,2,3,,,34.01788,-118.489292,http://www.baycitiesitaliandeli.com/,Bomb sandwiches- the godmother is classic
Santa Monica,AMF Bowling,Activity,amf.jpg,"photo credit: <a href=""https://www.flickr.com/photos/besighyawn/6303090145/"">besighyawn</a> via <a href=""http://photopin.com"">photopin</a> <a href=""http://creativecommons.org/licenses/by-nc/2.0/"">cc</a>",$,1,2,3,,,34.008465,-118.488668,http://www.amf.com/bayshorelanesca,Closest place to campus to bowl. Wait for Groupons to get a deal
Santa Monica,3rd and Promenade ,Chill,3p.png,"photo credit: <a href=""https://www.flickr.com/photos/noisecollusion/417183364/"">NoiseCollusion</a> via <a href=""http://photopin.com"">photopin</a> <a href=""http://creativecommons.org/licenses/by/2.0/"">cc</a>",$,1,2,3,720,,34.015825,-118.496122,http://www.santamonica.com/visitors/what-to-do/shopping/downtown/,Upscale/mainstream shops. Street performances happen often from music to acrobatics to dancing
Santa Monica,Bike path,Activity,bike.jpg,"photo credit: <a href=""https://www.flickr.com/photos/ndm007/3554346337/"">nathan makan</a> via <a href=""http://photopin.com"">photopin</a> <a href=""http://creativecommons.org/licenses/by-nc-nd/2.0/"">cc</a>",0,1,2,3,720,,34.008874,-118.496047,http://www.labikepaths.com/bike-paths/santa-monica-venice/,Smooth route for biking/longboarding- Great for summer night bike rides (rentals on 3rd/promenade or UCLA bike shop)
,,,,,,,,,,,,,,
Venice,Venice Beach,Chill,venice_beach.jpg,"photo credit: <a href=""https://www.flickr.com/photos/paul-w-locke/10845844726/"">Paul-W</a> via <a href=""http://photopin.com"">photopin</a> <a href=""http://creativecommons.org/licenses/by-nc-sa/2.0/"">cc</a>",0,1,,,,,33.986633,-118.475804,http://venicebeach.com/,Socal beach
Venice,Vendors,Chill,vendor.jpg,"photo credit: <a href=""https://www.flickr.com/photos/paul-w-locke/10845844726/"">Paul-W</a> via <a href=""http://photopin.com"">photopin</a> <a href=""http://creativecommons.org/licenses/by-nc-sa/2.0/"">cc</a>",$,1,,,,,33.98653,-118.473315,http://venicebeach.com/,"Odd and end crafts being sold on the side, medical majiuana cards sold as well for $30/40"
Venice,Abbot Kinney Boulevard,Chill,akb.jpg,"photo credit: <a href=""https://www.flickr.com/photos/elmariomacedo/14871012326/"">MšrioMacedo</a> via <a href=""http://photopin.com"">photopin</a> <a href=""http://creativecommons.org/licenses/by-sa/2.0/"">cc</a>",0,1,,,,,33.987925,-118.459302,http://abbotkinneyblvd.com/,Street with stores/cafes catered to the hip
Venice,Legal Graffiti Wall,Chill,graf.jpg,"photo credit: <a href=""https://www.flickr.com/photos/phunk/6370683/"">funkandjazz</a> via <a href=""http://photopin.com"">photopin</a> <a href=""http://creativecommons.org/licenses/by-nc-nd/2.0/"">cc</a>",0,1,,,,,33.98604,-118.473898,http://www.veniceartwalls.com/,These walls are constantly changing as different artists come and paint their pieces
Venice,Muscle Beach,Chill,muscle.jpg,"photo credit: <a href=""https://www.flickr.com/photos/koonce/5058168530/"">Josh Koonce</a> via <a href=""http://photopin.com"">photopin</a> <a href=""http://creativecommons.org/licenses/by-nc-nd/2.0/"">cc</a>",0,1,,,,,33.985404,-118.472651,http://www.musclebeach.net/,Famous for the outdoor workout equipment
Venice,Skate Park,Activity,skate.jpg,"photo credit: <a href=""https://www.flickr.com/photos/chrisgold/7916220868/"">ChrisGoldNY</a> via <a href=""http://photopin.com"">photopin</a> <a href=""http://creativecommons.org/licenses/by-nc/2.0/"">cc</a>",0,1,,,,,33.987037,-118.475396,http://veniceskatepark.com/,Always full of skaters doing crazy tricks in the bowls and ramps and such
Venice,Street performances,Activity,perform.jpg,"photo credit: <a href=""https://www.flickr.com/photos/thomashawk/9752634244/"">Thomas Hawk</a> via <a href=""http://photopin.com"">photopin</a> <a href=""http://creativecommons.org/licenses/by-nc/2.0/"">cc</a>",0,1,,,,,33.986099,-118.473422,http://venice311.org/venice-boardwalk/how-to-be-a-boardwalk-vendor-artist-performer/,"Acrobatics, magic, dancing, and more"
Venice,Wurstkuche,Food/Drink,wur.png,phone,$$,1,3,,,,33.999746,-118.46496,http://www.wurstkuche.com/,Known for their unique sausages with rabbit/rattlesnake/alligator and other meats. Huge variety of German/Belgian beers as well.
Venice,Canals,Chill,venice_canals.jpg,,0,1,,,,,33.984539,-118.468442,http://www.yelp.com/biz/venice-canals-venice-2,Good for evening strolls over bridges to pass over canals. 
Venice,Mosaic Tile House,Chill,mosaic.jpg,"photo credit: <a href=""https://www.flickr.com/photos/ianturk/269158649/"">Turkinator</a> via <a href=""http://photopin.com"">photopin</a> <a href=""http://creativecommons.org/licenses/by-nc-nd/2.0/"">cc</a>",$,1,3,,,,34.00006,-118.456899,http://www.cheripann.com/Contact_Us.html,
,,,,,,,,,,,,,,
Pacific Palisades/Topanga,Abandoned Nazi Compound,Explore,nazi.jpg,"photo credit: <a href=""https://www.flickr.com/photos/83150351@N04/11259385704/"">Kamil Dziedzina Photos</a> via <a href=""http://photopin.com"">photopin</a> <a href=""http://creativecommons.org/licenses/by-nc-nd/2.0/"">cc</a>",0,2/302,,,,,34.072275,-118.51388,http://www.hikespeak.com/trails/rustic-canyon-murphy-ranch-nazi-ruins/,Abandoned compound which was built as a Nazi base- now decaying and covered in every changing graffiti art
Pacific Palisades/Topanga,Getty Museum ,Chill,getty.png,phone,0,761,,,,,34.077431,-118.474459,http://www.getty.edu/museum/,"Free entry ($10 parking), view of LA, great if you're into paintings and art, has a garden you can walk through"
Pacific Palisades/Topanga,Temescal Canyon,Explore,temescal.jpg,"photo credit: <a href=""https://www.flickr.com/photos/ilmungo/103858801/"">ilmungo</a> via <a href=""http://photopin.com"">photopin</a> <a href=""http://creativecommons.org/licenses/by-nc-sa/2.0/"">cc</a>",0,2/302,,,,,34.059195,-118.532911,http://www.laparks.org/dos/parks/facility/temescalCynPk.htm,"Not too easy, not too tough of a hike. Clear view of LA from the top. ~4 miles"
Pacific Palisades/Topanga,Self Realization Fellowship Lake Shrine,Chill,shrine.jpg,"photo credit: <a href=""https://www.flickr.com/photos/91173606@N00/5777335827/"">CAHairyBear</a> via <a href=""http://photopin.com"">photopin</a> <a href=""http://creativecommons.org/licenses/by-nc-sa/2.0/"">cc</a>",0,2/302,,,,,34.042547,-118.552451,http://www.lakeshrine.org/,Zen out
Pacific Palisades/Topanga,Muholland Drive,Activity,mdrive.jpg,"photo credit: <a href=""https://www.flickr.com/photos/amazelin/6103647102/"">""Andr_ M.""</a> via <a href=""http://photopin.com"">photopin</a> <a href=""http://creativecommons.org/licenses/by-nc-nd/2.0/"">cc</a>",0,Drive,,,,,34.131093,-118.49047,http://en.wikipedia.org/wiki/Mulholland_Drive,Drive through twists and curves on this scenic route in the mountains
Pacific Palisades/Topanga,Inspiration Point,Explore,i_point.jpg,"photo credit: <a href=""https://www.flickr.com/photos/michelemarkelconnors/3994018606/"">MarkelConnors</a> via <a href=""http://photopin.com"">photopin</a> <a href=""http://creativecommons.org/licenses/by-nc/2.0/"">cc</a>",0,2/302,,,,,34.059538,-118.513835,http://www.hikespeak.com/trails/inspiration-point-hike-will-rogers/,Easy hike with another great view of LA at the top ~2.25 miles
,,,,,,,,,,,,,,
Sawtelle,Restaurants by Sawtelle/Olympic,Food/Drink,sawtelleolympic.png,,$$,1,6,,,,34.038944,-118.442526,http://la.eater.com/archives/2013/08/07/a_comprehensive_guide_to_dining_on_sawtelle.php,"Food everywhere- Ramen- Shinengumi (customizable ramen with different noodle textures and $0.97  noodle refills), Daikokuya (famous for being good), Tonkotsu (Tsukemen ramen, two stores with different broths), Tsujita (order ramen off the iPads) ; Boba/Sweet- Coco's, Volcano Milk Tea, Blockheads (fine shaved ice), Brian's Shaved Ice (Hawaiian shaved ice) ; Curry- Curry house, Hurry Curry ; Sushi Stop- Budget, decent sushi"
Sawtelle,Plan Check,Food/Drink,plancheck.jpg,"photo credit: <a href=""https://www.flickr.com/photos/calamity_hane/6882291194/"">calamity_hane</a> via <a href=""http://photopin.com"">photopin</a> <a href=""http://creativecommons.org/licenses/by-nc-nd/2.0/"">cc</a>",$$,1,,,,,34.043887,-118.446092,http://plancheck.com/,Possibly the best burgers in the LA area
Sawtelle,Churros Calientes,Food/Drink,churros_calientes.png,,$,1,,,,,34.045405,-118.452672,http://www.churroscalientes.com/,Curros cravings
Sawtelle,Rocky Horror Picture Show,Activity,rocky.jpg,,$,Drive,,,,,34.046279,-118.448079,http://www.rockyhorror.com/,"Interesting subculture- audience participation, lots of vularity, and live acting along with the movie. Every Saturday night at midnight at Nuart Theater"
,,,,,,,,,,,,,,
Dockweiller ,Bonfires,Activity,dbon.jpg,"photo credit: <a href=""https://www.flickr.com/photos/martiancrocodile/2193594795/"">Missus Martian</a> via <a href=""http://photopin.com"">photopin</a> <a href=""http://creativecommons.org/licenses/by-nc-sa/2.0/"">cc</a>",0,Drive,,,,,33.942135,-118.442614,http://www.yelp.com/biz/dockweiler-beach-playa-del-rey,Closest legal place to host bonfires. Heads up your feet will be black after walking in the sand as it's right by LAX
,,,,,,,,,,,,,,
Malibu,Getty Villa,Chill,villa.jpg,"photo credit: <a href=""https://www.flickr.com/photos/mharrsch/13985411449/"">mharrsch</a> via <a href=""http://photopin.com"">photopin</a> <a href=""http://creativecommons.org/licenses/by-nc-sa/2.0/"">cc</a>",0,2/302,,,,,34.045833,-118.565033,http://www.getty.edu/visit/villa/,"RSVP for free entry, giant blue pool, statues and art from way back when"
Malibu,Malibu Creek Cliff Jumping,Explore,mcreek.jpg,"photo credit: <a href=""https://www.flickr.com/photos/public-waste/6930359929/"">www.Public-Waste.com</a> via <a href=""http://photopin.com"">photopin</a> <a href=""http://creativecommons.org/licenses/by-nc-nd/2.0/"">cc</a>",0,Drive,,,,,34.104962,-118.731562,http://www.hikespeak.com/trails/malibu-creek-gorge-rock-pool/,"Popular cliff jumping spot, 3 different levels to jump from"
Malibu,Malibu Rindge Dam Cliff Jumping,Explore,jump.jpg,"photo credit: <a href=""https://www.flickr.com/photos/prawnpie/5088447248/"">prawnpie</a> via <a href=""http://photopin.com"">photopin</a> <a href=""http://creativecommons.org/licenses/by-nc-sa/2.0/"">cc</a>",0,Drive,,,,,34.064552,-118.699186,http://www.yelp.com/biz/malibu-canyon-malibu,Jumps off of different levels in this dam
Malibu,Malibu Pier,Chill,mpier.jpg,"photo credit: <a href=""https://www.flickr.com/photos/wwarby/9641324160/"">wwarby</a> via <a href=""http://photopin.com"">photopin</a> <a href=""http://creativecommons.org/licenses/by/2.0/"">cc</a>",0,534,,,,534 extension for all,34.03714,-118.676588,http://www.yelp.com/biz/malibu-pier-malibu,Relax along the pier and beach. Fancy houses along the sides of the road
Malibu,Solstice Canyon,Explore,scanyon.jpg,"photo credit: <a href=""https://www.flickr.com/photos/rockmixer/5081093683/"">rockmixer</a> via <a href=""http://photopin.com"">photopin</a> <a href=""http://creativecommons.org/licenses/by-nd/2.0/"">cc</a>",0,534,,,,534 extension for all,34.04828,-118.75781,http://www.hikespeak.com/trails/solstice-canyon/,"Solstice Canyon- Waterfall at the end, abandoned manor at the side"
Malibu,Point Dume,Explore,pd.jpg,"photo credit: <a href=""https://www.flickr.com/photos/grandoakphotos/6937243777/"">Allan Bromberg_Grand Oak Photography</a> via <a href=""http://photopin.com"">photopin</a> <a href=""http://creativecommons.org/licenses/by-nc-nd/2.0/"">cc</a>",0,534,,,,534 extension for all,34.000844,-118.806522,http://www.yelp.com/biz/point-dume-state-beach-malibu,Point Dume Point
Malibu,Escondido Canyon Waterfall,Explore,ecanyon.jpg,"photo credit: <a href=""https://www.flickr.com/photos/47266767@N00/4545190526/"">savemejebus</a> via <a href=""http://photopin.com"">photopin</a> <a href=""http://creativecommons.org/licenses/by-sa/2.0/"">cc</a>",0,534,,,,534 extension for all,34.043019,-118.779845,http://www.yelp.com/biz/escondido-falls-malibu-2,Escondido Canyon Waterfall
Malibu,Zuma Beach,Chill,zuma.jpg,"photo credit: <a href=""https://www.flickr.com/photos/rawmeyn/2485801170/"">Roman K_nigshofer</a> via <a href=""http://photopin.com"">photopin</a> <a href=""http://creativecommons.org/licenses/by-nd/2.0/"">cc</a>",0,534,,,,534 extension for all,34.015573,-118.821368,http://www.welikela.com/ultimate-guide-malibu-beaches/,Well known beach in Malibu
,,,,,,,,,,,,,,
Marina del Ray,Parasailing,Activity,para.jpg,"photo credit: <a href=""https://www.flickr.com/photos/justin_li/6663973815/"">Justin.li</a> via <a href=""http://photopin.com"">photopin</a> <a href=""http://creativecommons.org/licenses/by-nc-nd/2.0/"">cc</a>",$,3,,,,,33.973066,-118.446424,http://www.marinadelreyparasailing.com/,Get it with a groupon
Marina del Ray,Kayaking,Activity,kayak.jpg,"photo credit: <a href=""https://www.flickr.com/photos/freewine/3152970736/"">FreeWine</a> via <a href=""http://photopin.com"">photopin</a> <a href=""http://creativecommons.org/licenses/by/2.0/"">cc</a>",0,3,,,,,33.981872,-118.441249,http://marinaaquaticcenter.org/,Single or tandem kayaking in the Marina. Free if you call in and RSVP as UCLA students
,,,,,,,,,,,,,,
Korea Town,Boba Bear,Food/Drink,bb.jpg,"photo credit: <a href=""https://www.flickr.com/photos/tehbizz/4364848598/"">tehbizz</a> via <a href=""http://photopin.com"">photopin</a> <a href=""http://creativecommons.org/licenses/by-nc-nd/2.0/"">cc</a>",$,720,20,,,,34.066715,-118.308915,http://www.bobabear.com/,Boba and hookah. That is all.
Korea Town,Korean Market/Mall,Activity,k_mall.jpg,"photo credit: <a href=""https://www.flickr.com/photos/rocketboom/5734994484/"">Parker Knight</a> via <a href=""http://photopin.com"">photopin</a> <a href=""http://creativecommons.org/licenses/by-sa/2.0/"">cc</a>",$$,720,20,,,,34.052306,-118.308742,http://www.yelp.com/search?find_desc=market&find_loc=Koreatown%2C+Los+Angeles%2C+CA&ns=1&ls=2ab0e88e6cdcae3f,"Multiple throughout Ktown- kpop stores and markets with pear juice, redbean/icecream fish desserts, kimichi, etc. Location is Galleria, others include Zion and Ktown Plaza"
Korea Town,Karaoke,Activity,karaoke.jpg,"photo credit: <a href=""https://www.flickr.com/photos/abrinsky/8604749569/"">abrinsky</a> via <a href=""http://photopin.com"">photopin</a> <a href=""http://creativecommons.org/licenses/by-nc-sa/2.0/"">cc</a>",$$,720,20,,,,34.063589,-118.300566,http://www.yelp.com/search?find_desc=Karaoke&find_loc=Koreatown%2C+Los+Angeles%2C+CA&ns=1,Singing and drinks; Multiple throughout Ktown- location is Young Dong Nohrenbang
Korea Town,KyoChon,Food/Drink,kyochon.jpg,"photo credit: <a href=""https://www.flickr.com/photos/arndog/1427274756/"">arnold | inuyaki</a> via <a href=""http://photopin.com"">photopin</a> <a href=""http://creativecommons.org/licenses/by/2.0/"">cc</a>",$$,720,20,,,,34.063799,-118.306449,http://www.yelp.com/biz/kyochon-los-angeles-3,Korean fried chicken 
Korea Town,Tom n Toms,Food/Drink,tomntom.jpg,"photo credit: <a href=""https://www.flickr.com/photos/hercwad/9125036854/"">LA Wad</a> via <a href=""http://photopin.com"">photopin</a> <a href=""http://creativecommons.org/licenses/by-nc-sa/2.0/"">cc</a>",$,720,20,,,,34.062555,-118.309876,http://en.tomntoms.com/,The Korean Starbucks
Korea Town,Korobokur,Food/Drink,k_tea.png,,$$,720,20,,,,34.057618,-118.306015,http://www.yelp.com/biz/cafe-korobokgur-los-angeles,"Tea house- hip atmosphere with Miyazaki music, cutesy waitresses, and unique tea dispensers"
Korea Town,Hwa sun ji,Food/Drink,hwasunji.jpg,"photo credit: <a href=""https://www.flickr.com/photos/16210667@N02/8971280814/"">CJS*64</a> via <a href=""http://photopin.com"">photopin</a> <a href=""http://creativecommons.org/licenses/by-nd/2.0/"">cc</a>",$,720,20,,,,34.06127,-118.313266,http://www.thelatravelguide.com/hwa-sun-ji-the-korean-tea-palace/,Tea house- traditional vibe
Korea Town,Blipsy Barcade,Activity,blipsy.jpg,"photo credit: <a href=""https://www.flickr.com/photos/bitchcakes/14359950062/"">*Bitch Cakes*</a> via <a href=""http://photopin.com"">photopin</a> <a href=""http://creativecommons.org/licenses/by-nc/2.0/"">cc</a>",$,720,20,,,,34.077873,-118.309344,http://www.laweekly.com/squidink/2012/06/26/koreatown-bar-report-blipsy-barcade,Drinks and arcade games go hand in hand
Korea Town,KBBQ,Food/Drink,kbbq.jpg,"photo credit: <a href=""https://www.flickr.com/photos/isaachsieh/3320217131/"">ZakVTA</a> via <a href=""http://photopin.com"">photopin</a> <a href=""http://creativecommons.org/licenses/by-nc-sa/2.0/"">cc</a>",$,720,20,,,,34.057337,-118.302217,http://www.yelp.com/search?find_desc=korean+bbq&find_loc=Koreatown%2C+Los+Angeles%2C+CA&ns=1,"Must for UCLA students. All you can eat ranging from $10 to $20+; favorite low price: Castle II, Bud Namu; and high price: Hae Jang Chon, Road to Seoul (location is budnamu)"
,,,,,,,,,,,,,,
Little Tokyo,"Ramen (daikokiya, shinsengumi, menoh)",Food/Drink,little_tokyo_ramen.png,,$$,720,2/302,,,720 ( to commerce center or downtown); 2/302 (to downtown),34.04996,-118.240032,http://www.yelp.com/search?find_desc=ramen&find_loc=Little+Tokyo%2C+Los+Angeles%2C+CA&ns=1&ls=69fd4ecd365d7ad1,"Daikokiya (hour long waits are the norm), ShinSenGumi (customizable with $0.97 noodle refills), MenOh (classic ramen). Location is Daikokiya"
Little Tokyo,Hama Sushi,Food/Drink,hama.jpg,"photo credit: <a href=""https://www.flickr.com/photos/phuson/2865007352/"">Phu Son</a> via <a href=""http://photopin.com"">photopin</a> <a href=""http://creativecommons.org/licenses/by/2.0/"">cc</a>",$$,720,2/302,,,720 ( to commerce center or downtown); 2/302 (to downtown),34.048556,-118.240413,http://hamasushila.com/,"Traditional sushi, one of the best in LA. You get what you pay for, with with an average order of sashimi or sushi costing $5-7"
Little Tokyo,Mall,Chill,mall.jpg,"photo credit: <a href=""https://www.flickr.com/photos/rosslarocco/161091987/"">Ross LaRocco</a> via <a href=""http://photopin.com"">photopin</a> <a href=""http://creativecommons.org/licenses/by-nc-sa/2.0/"">cc</a>",0,720,2/302,,,720 ( to commerce center or downtown); 2/302 (to downtown),34.048576,-118.240074,,"Has a mini arcade, pika-pika photobooth, hype clothing brand stores, bakeries, and restaurants"
Little Tokyo,O-Zero,Food/Drink,o_zero.png,phone,$,720,2/302,,,720 ( to commerce center or downtown); 2/302 (to downtown),34.04832,-118.239505,http://www.yelp.com/biz/ozero-tea-and-desserts-los-angeles,Milk tea * 720 towards Commerce Center
Little Tokyo,Japanese American National Museum ,Chill,janm.jpg,"photo credit: <a href=""https://www.flickr.com/photos/34186459@N00/7779221984/"">--Mark--</a> via <a href=""http://photopin.com"">photopin</a> <a href=""http://creativecommons.org/licenses/by-nc-sa/2.0/"">cc</a>",$,720,2/302,,,720 ( to commerce center or downtown); 2/302 (to downtown),34.049393,-118.238852,http://www.janm.org/,"Japanese American culture- free every Thurs 5-8, every third Tues"
Little Tokyo,Manga & Anime store,Chill,manga.jpg,"photo credit: <a href=""https://www.flickr.com/photos/david-perez/4827387563/"">davidpc_</a> via <a href=""http://photopin.com"">photopin</a> <a href=""http://creativecommons.org/licenses/by-nc-sa/2.0/"">cc</a>",$,720,2/302,,,720 ( to commerce center or downtown); 2/302 (to downtown),34.049384,-118.240705,http://www.animejungle.net/user/scripts/user/category.php,All your childhood animes and mangas
Little Tokyo,Kinokuniya Bookstore,Chill,kino.jpg,"photo credit: <a href=""https://www.flickr.com/photos/brewbooks/871593870/"">brewbooks</a> via <a href=""http://photopin.com"">photopin</a> <a href=""http://creativecommons.org/licenses/by-sa/2.0/"">cc</a>",$,720,2/302,,,720 ( to commerce center or downtown); 2/302 (to downtown),34.050448,-118.242296,http://www.kinokuniya.com/us/,"Chill shop to read animes, random books, and magazines"
,,,,,,,,,,,,,,
Beverly Hills ,Rodeo Drive,Chill,rodeo.png,,0,720,20,,,,34.056207,-118.39925,http://www.rodeodrive-shop.com/,Walk around to window shop at stores like Gucchi and Coach 
Beverly Hills ,Haraujuku,Food/Drink,hara.jpg,"photo credit: <a href=""https://www.flickr.com/photos/kristi-san/6885315516/"">kristisan</a> via <a href=""http://photopin.com"">photopin</a> <a href=""http://creativecommons.org/licenses/by-nc-nd/2.0/"">cc</a>",$,720,20,,,,34.071754,-118.40267,http://www.harajukucrepe.us/,For those crepe cravings
Beverly Hills ,Icecream Lab,Food/Drink,icecreamlab.png,phone,$,720,20,,,,34.071186,-118.403684,http://icecreamlab.com/,"Liquid nitrogen icecream- worth a visit to see it made, as it's a bit on the pricey side"
,,,,,,,,,,,,,,
Chinatown,Velveteria,Chill,vel.jpg,"photo credit: <a href=""https://www.flickr.com/photos/jamidwyer/2474407004/"">Jami Dwyer</a> via <a href=""http://photopin.com"">photopin</a> <a href=""http://creativecommons.org/licenses/by-sa/2.0/"">cc</a>",$,2/302,,,,to downtown,34.060322,-118.238654,http://velveteria.com/,Pieces of art painted on velvet- $10
Chinatown,Dimsum,Food/Drink,dimsum.jpg,"photo credit: <a href=""https://www.flickr.com/photos/faikevin/3375076282/"">Kevin.Fai</a> via <a href=""http://photopin.com"">photopin</a> <a href=""http://creativecommons.org/licenses/by-nc/2.0/"">cc</a>",$,2/302,,,,to downtown,34.062086,-118.238659,http://www.yelp.com/search?find_desc=Chinatown+Dim+Sum&find_loc=Los+Angeles%2C+CA,Carts rolled around carrying different dim sum dishes- Bao Dim Sum as location.
,,,,,,,,,,,,,,
Downtown,Boba 7,Food/Drink,boba7.png,,$,720,20,,,,34.046818,-118.256337,http://www.labobatory.com/,Alcoholic boba drinks. Hidden in the back of a thai restaurant
Downtown,Santee Alley,Activity,santee.png,phone,$,720,20,2/302,,2/302 (to downtown),34.037342,-118.255689,http://www.thesanteealley.com/,"Streets are filled with cheap knock-offs, smoking goods, knives, and Mexican street food. The papaya juice at the end of the alley is definitely worth a try"
Downtown,Viewpoint,Chill,view.jpg,"photo credit: <a href=""https://www.flickr.com/photos/billgarrett-newagecrap/6055392672/"">newagecrap</a> via <a href=""http://photopin.com"">photopin</a> <a href=""http://creativecommons.org/licenses/by/2.0/"">cc</a>",0,Drive,,,,,34.070376,-118.246644,,1085 White Knoll Drive- closeup view of downtown
Downtown,LA Gun Club,Activity,la_gun_club.png,phone,$$$,720,,,,720 (6th/centra,34.038705,-118.234334,http://www.thelosangelesgunclub.com/,Here's your chance to use firearms- they have a large selection of guns and targets
Downtown,Natural History Museum of LA County,Chill,nat_hist.jpg,"photo credit: <a href=""https://www.flickr.com/photos/nevercoolinschool/3186682170/"">Leslie Kalohi / nevercoolinschool.com</a> via <a href=""http://photopin.com"">photopin</a> <a href=""http://creativecommons.org/licenses/by-nc/2.0/"">cc</a>",$,12,806,,,806 extension,34.017009,-118.288953,http://www.nhm.org/site/,Dinosaur bones and other animal exhibits
Downtown,USC,Chill,usc.jpg,"photo credit: <a href=""https://www.flickr.com/photos/aaronjacobs/111505992/"">Aaron Jacobs</a> via <a href=""http://photopin.com"">photopin</a> <a href=""http://creativecommons.org/licenses/by-sa/2.0/"">cc</a>",0,12,806,,,806 extension,34.022659,-118.28597,http://viterbivoices.usc.edu/zachg/the-best-free-things-ataround-usc/,"Gated school, sketch neighborhood at night"
Downtown,California Science Center,Chill,csc.jpg,"photo credit: <a href=""https://www.flickr.com/photos/nasahqphoto/8139347076/"">NASA HQ PHOTO</a> via <a href=""http://photopin.com"">photopin</a> <a href=""http://creativecommons.org/licenses/by-nc/2.0/"">cc</a>",$,12,806,,,806 extension,34.01592,-118.286314,http://www.californiasciencecenter.org/,"Visit the space shuttle, Endeavour, at this museum "
Downtown,Exposition Rose Garden,Chill,rose.jpg,"photo credit: <a href=""https://www.flickr.com/photos/waltarrrrr/3886725118/"">waltarrrrr</a> via <a href=""http://photopin.com"">photopin</a> <a href=""http://creativecommons.org/licenses/by-nc-nd/2.0/"">cc</a>",0,12,806,,,806 extension,34.017229,-118.28619,http://www.laparks.org/exporosegarden/rosegarden.htm,Large variety of roses and a well-kept lawn to laze around it
Downtown,Underground Subway,Explore,a_sub.jpg,"photo credit: <a href=""https://www.flickr.com/photos/knile/490703218/"">Knile</a> via <a href=""http://photopin.com"">photopin</a> <a href=""http://creativecommons.org/licenses/by-nc-sa/2.0/"">cc</a>",0,720,20,,,,34.04299,-118.248537,http://www.atlasobscura.com/Chill/underground-tunnels-los-angeles,Old subway system under downtown LA- good luck finding the entrance (not behind Hall of Records though- location is random point)
Downtown,Walt Disney Concert Hall,Chill,disney_hall.jpg,phone,0,2/302,,,,,34.055238,-118.249883,http://www.laphil.com/,"Neat architecture, have a quiet spot in the back with tables and a fountain"
Downtown,Central Library ,Chill,central_library.png,phone,0,720,20,,,,34.0506,-118.254869,http://www.lapl.org/branches/central-library,Huge library with displays and exhibits inside. Good for studying or escaping the heat
Downtown,LA City Hall Observation Deck,Chill,deck.jpg,"photo credit: <a href=""https://www.flickr.com/photos/7552532@N07/3513963352/"">ATOMIC Hot Links</a> via <a href=""http://photopin.com"">photopin</a> <a href=""http://creativecommons.org/licenses/by-nc-nd/2.0/"">cc</a>",0,720,20,,,,34.053381,-118.242714,http://www.365-la.com/2013/03/256-la-city-hall-observation-deck.html,View of the city - go up to the 27th floor
Downtown,Museum of Contemporary Art,Chill,moca.jpg,"photo credit: <a href=""https://www.flickr.com/photos/jpellgen/8068140425/"">jpellgen</a> via <a href=""http://photopin.com"">photopin</a> <a href=""http://creativecommons.org/licenses/by-nc-nd/2.0/"">cc</a>",0,720,20,,,,34.053249,-118.250587,http://www.moca.org/,"Mordern Art- let your imagination flow. Free every Thurs, 5pm-8pm"
Downtown,Grand Central Market,Food/Drink,grand_central.png,phone,$,720,20,2/302,,to downtown,34.050841,-118.249133,http://www.grandcentralmarket.com/,Tons of ethnic restaurants and markets from Mexican to Thai to German
Downtown,FIDM Coustume Exhibits,Chill,fidm.jpg,"photo credit: <a href=""https://www.flickr.com/photos/shoshanah/67667181/"">Shoshanah</a> via <a href=""http://photopin.com"">photopin</a> <a href=""http://creativecommons.org/licenses/by/2.0/"">cc</a>",0,720,2/302,,,to downtown; to comm/dwtn,34.044209,-118.259952,http://fidmmuseum.org/exhibitions/current/,Free exhibit of costumes from films and tv shows
Downtown,Bradbury Building,Chill,bradbury.png,morgue,0,720,2/302,,,to downtown; to comm/dwtn,34.050526,-118.247837,https://www.laconservancy.org/locations/bradbury-building,Iconic building where movies have been filmed. Interesting architecture to look at
Downtown,Grand Park,Chill,grand_park.jpg,"photo credit: <a href=""https://www.flickr.com/photos/prayitnophotography/8317639856/"">Prayitno / Thank you for (3.5 millions +) views</a> via <a href=""http://photopin.com"">photopin</a> <a href=""http://creativecommons.org/licenses/by/2.0/"">cc</a>",0,2/302,,,,to downtown,34.056188,-118.246826,http://grandparkla.org/,Park in the middle of downtown- markets and events here on occasions
Downtown,Last Bookstore,Chill,last_bookstore.png,phone,$,720,,,,,34.047765,-118.249526,http://lastbookstorela.com/,"Independent bookstore with art galleries, book tunnels, and books (of course). They have a $1 book section to appease the thrifty"
Downtown,Fashion District,Chill,fashion.jpg,"photo credit: <a href=""https://www.flickr.com/photos/faikevin/3375076282/"">Kevin.Fai</a> via <a href=""http://photopin.com"">photopin</a> <a href=""http://creativecommons.org/licenses/by-nc/2.0/"">cc</a>",$,720,20,2/302,,to downtown,34.04021,-118.255579,http://fashiondistrict.org/,Clothing and fabric for discounted prices
,,,,,,,,,,,,,,
Sunset,The Griddle,Food/Drink,griddle.jpg,"photo credit: <a href=""https://www.flickr.com/photos/edna_million/13231439523/"">Rust Belt Jessie</a> via <a href=""http://photopin.com"">photopin</a> <a href=""http://creativecommons.org/licenses/by-nc-nd/2.0/"">cc</a>",$$,2/302,,,,,34.097784,-118.362258,http://www.thegriddlecafe.com/,Breakfast food served in huge portions. Like HUGE. Long lines weekend mornings.
Sunset,Laugh Factory,Activity,laugh.jpg,"photo credit: <a href=""https://www.flickr.com/photos/laughingsquid/323314304/"">Scott Beale</a> via <a href=""http://photopin.com"">photopin</a> <a href=""http://creativecommons.org/licenses/by-nc-nd/2.0/"">cc</a>",$$,2/302,,,,,34.098192,-118.364494,http://www.laughfactory.com/clubs/hollywood,"Weekly comedy acts, 2 drink minimum- really good first date spot"
Sunset,Saddle Ranch,Food/Drink,saddle.jpg,"photo credit: <a href=""https://www.flickr.com/photos/thomashawk/3241670025/"">Thomas Hawk</a> via <a href=""http://photopin.com"">photopin</a> <a href=""http://creativecommons.org/licenses/by-nc/2.0/"">cc</a>",$$,2/302,,,,,34.095584,-118.372066,http://www.thesaddleranch.com/,Restaurant with a mechanical bull
Sunset,Cabo Cantina,Food/Drink,cabo.jpg,"photo credit: <a href=""https://www.flickr.com/photos/brianwilkins/6669531773/"">Brian Wilkins</a> via <a href=""http://photopin.com"">photopin</a> <a href=""http://creativecommons.org/licenses/by-nc/2.0/"">cc</a>",$,2/302,,,,,34.10181673,-118.3356,http://www.cabocantina.com/,"Taco Tuesdays- $5 for all you can eat tacos, BOGO beers. Sundays- bottomless mamosas"
Sunset,Whipp'd LA,Food/Drink,dole.jpg,"photo credit: <a href=""https://www.flickr.com/photos/aloha75/9613691892/"">Sam Howzit</a> via <a href=""http://photopin.com"">photopin</a> <a href=""http://creativecommons.org/licenses/by/2.0/"">cc</a>",$,2/302,,,,,34.091094,-118.362069,http://www.whippedla.com/,Dole Pinapple ice cream is all you need to know
,,,,,,,,,,,,,,
West Hollywood,Melrose Street,Chill,melrose.jpg,"photo credit: <a href=""https://www.flickr.com/photos/seandavis/9217382233/"">Sean Davis</a> via <a href=""http://photopin.com"">photopin</a> <a href=""http://creativecommons.org/licenses/by-nd/2.0/"">cc</a>",$,2/302,,,,,34.083778,-118.361311,http://www.melroseavenue-shop.com/,"Range of odd and end shops, thrift stores- flea markets every Sunday selling random stuff such as polaroid cameras and jewelry "
West Hollywood,Groundlings Show,Activity,ground.jpg,"photo credit: <a href=""https://www.flickr.com/photos/escapist/472018192/"">jasonEscapist</a> via <a href=""http://photopin.com"">photopin</a> <a href=""http://creativecommons.org/licenses/by-nc-sa/2.0/"">cc</a>",$,2/302,,,,,34.083668,-118.349041,http://www.groundlings.com/,Improv comedy
West Hollywood,Pink's Hotdogs,Food/Drink,pinks.png,phone,$,2/302,,,,,34.083701,-118.344249,http://www.pinkshollywood.com/,"The original Pink's, hella different types "
West Hollywood,Sonos Studio,Activity,sonos.jpg,"photo credit: <a href=""https://www.flickr.com/photos/leyink/8561039406/"">leyink</a> via <a href=""http://photopin.com"">photopin</a> <a href=""http://creativecommons.org/licenses/by/2.0/"">cc</a>",0,720,,,,,34.075129,-118.344362,sonos-studio.com,"Free shows, listening parties, and interview sessions- oh, and free booze. Expect lines"
West Hollywood,MILK,Food/Drink,milk.jpg,"photo credit: <a href=""https://www.flickr.com/photos/96475176@N07/9662230040/"">Man-E671</a> via <a href=""http://photopin.com"">photopin</a> <a href=""http://creativecommons.org/licenses/by-nc-sa/2.0/"">cc</a>",$,720,,,,,34.07597,-118.34851,http://www.themilkshop.com/,Dessert and macaroons
West Hollywood,Paramount Pictures Studio,Activity,paramount.jpg,"photo credit: <a href=""https://www.flickr.com/photos/leosoueu/10779495945/"">leosoueu</a> via <a href=""http://photopin.com"">photopin</a> <a href=""http://creativecommons.org/licenses/by-nc/2.0/"">cc</a>",$$$,720,2/302,,,1 to 4; 720 to DASH; 2/302 to 757,34.085356,-118.319152,http://www.paramount.com/,Studio tours
West Hollywood,Hollywood Forever Cemetery ,Activity,forever.jpg,"photo credit: <a href=""https://www.flickr.com/photos/rocor/11179766935/"">rocor</a> via <a href=""http://photopin.com"">photopin</a> <a href=""http://creativecommons.org/licenses/by-nc/2.0/"">cc</a>",$,2/302,,,,,34.090319,-118.319931,http://cinespia.org/,Host outdoor movie screenings every week
West Hollywood,Runyon Canyon,Explore,runyon.jpg,"photo credit: <a href=""https://www.flickr.com/photos/chrisgold/8932655099/"">ChrisGoldNY</a> via <a href=""http://photopin.com"">photopin</a> <a href=""http://creativecommons.org/licenses/by-nc/2.0/"">cc</a>",0,2/302,,,,,34.112728,-118.350852,http://runyoncanyon-losangeles.com/,Steep hike up to another view of LA. Lots of abs and yoga pants
West Hollywood,Canter's Deli,Food/Drink,canters.jpg,"photo credit: <a href=""https://www.flickr.com/photos/laughingsquid/272468302/"">Scott Beale</a> via <a href=""http://photopin.com"">photopin</a> <a href=""http://creativecommons.org/licenses/by-nc-nd/2.0/"">cc</a>",$,2/302,,,,,34.078897,-118.361751,http://www.cantersdeli.com/,Old school food- favorite among many in LA
West Hollywood,Chibiscus,Food/Drink,chib.png,phone,$,2/302,,,,,34.098194,-118.350457,http://chibiscus.com/,Best brick toast outside the 626
,,,,,,,,,,,,,,
Echo Park,Time Mart,Chill,time_mart.png,morgue,$,2/302,,,,to sunset/alvarado,34.077273,-118.258909,http://826la.org/store/,"Odd ""time travel"" gifts, proceeds help tutor children in writing. "
Echo Park,Park,Chill,echopark_lake.png,morgue,0,2/302,,,,to sunset/alvarado,34.0753,-118.260674,http://www.yelp.com/biz/echo-park-lake-los-angeles,"Good place to relax, can rent a pedal boat to take onto the lake"
Echo Park,Mohawk Alley Animal Hospital,Activity,mohawk.jpg,"photo credit: <a href=""https://www.flickr.com/photos/404nothinghere/3614978692/"">miramar2009</a> via <a href=""http://photopin.com"">photopin</a> <a href=""http://creativecommons.org/licenses/by-nc-nd/2.0/"">cc</a>",0,2/302,,,,to sunset/alvarado,34.077422,-118.265885,http://mohawkalleyanimalhospital.com/,Who doesn't like to play with cute animals
,,,,,,,,,,,,,,
Mid-Wilshire,LACMA,Chill,lacma.jpg,"photo credit: <a href=""https://www.flickr.com/photos/greggjaden/9672064378/"">Gregg Jaden</a> via <a href=""http://photopin.com"">photopin</a> <a href=""http://creativecommons.org/licenses/by-nc-nd/2.0/"">cc</a>",$,720,20,,,,34.063825,-118.359277,http://www.lacma.org/,"Modern art, random/interesting sculptures and art pieces- good for a day trip. Look for free days, every 2nd Tuesdays, Memorial day"
Mid-Wilshire,La Brea Tar pits,Chill,brea.jpg,"photo credit: <a href=""https://www.flickr.com/photos/31867959@N04/6948143025/"">Dallas Krentzel</a> via <a href=""http://photopin.com"">photopin</a> <a href=""http://creativecommons.org/licenses/by/2.0/"">cc</a>",$,720,20,,,,34.063811,-118.355936,http://www.tarpits.org/,History of prehistoric animals that were trapped in the mud pits there
Mid-Wilshire,Little Ethiopia,Food/Drink,ethiopia.jpg,"photo credit: <a href=""https://www.flickr.com/photos/kellybone/6381887277/"">kelly bone</a> via <a href=""http://photopin.com"">photopin</a> <a href=""http://creativecommons.org/licenses/by-nc-nd/2.0/"">cc</a>",$,720,20,,,,34.056748,-118.364332,http://www.discoverlosangeles.com/blog/definitive-guide-little-ethiopia,Have you tried Ethiopian food? Now you can say 'yes'
Mid-Wilshire,Museum of Tolerance,Chill,tolerance.jpg,"photo credit: <a href=""https://www.flickr.com/photos/gocardusa/3881965666/"">Smart Destinations</a> via <a href=""http://photopin.com"">photopin</a> <a href=""http://creativecommons.org/licenses/by-sa/2.0/"">cc</a>",$,Drive,,,,,34.053835,-118.401836,http://www.museumoftolerance.com/site/c.tmL6KfNVLtH/b.9052747/k.2DD0/HomeMOTNew.htm,Holocaust memorial museum
Mid-Wilshire,The Grove,Chill,grove.jpg,"photo credit: <a href=""https://www.flickr.com/photos/ericejohnson/2619193460/"">Eric E Johnson</a> via <a href=""http://photopin.com"">photopin</a> <a href=""http://creativecommons.org/licenses/by-nc-nd/2.0/"">cc</a>",$,720,20,,,,34.071939,-118.357227,http://www.thegrovela.com/,Shopping center with upscale stores and street vendors. Also have farmers markets on the regular
Mid-Wilshire,El Chato,Food/Drink,chato.jpg,"photo credit: <a href=""https://www.flickr.com/photos/68147320@N02/9118922078/"">T.Tseng</a> via <a href=""http://photopin.com"">photopin</a> <a href=""http://creativecommons.org/licenses/by/2.0/"">cc</a>",$,720,,,,,34.057099,-118.346186,http://www.yelp.com/biz/el-chato-taco-truck-los-angeles-2,"Good, cheap Mexican food truck- located at 5300 W Olympic Blvd"
Mid-Wilshire,La Cienega- Restaurant Row,Food/Drink,fogo.jpg,"photo credit: <a href=""https://www.flickr.com/photos/quinnanya/2370530186/"">quinn.anya</a> via <a href=""http://photopin.com"">photopin</a> <a href=""http://creativecommons.org/licenses/by-sa/2.0/"">cc</a>",$$$,720,20,,,,34.0659,-118.376352,http://www.yelp.com/list/restaurant-row-on-la-cienega-blvd-beverly-hills,"Fogo de Chao (Brazillian BBQ), Lawry's, Stinking Rose, etc. Go during Dine LA"
,,,,,,,,,,,,,,
Culver City,Kenneth Hahn State Rec Area,Chill,ken.jpg,"photo credit: <a href=""https://www.flickr.com/photos/jeremymiles/2966383534/"">BeautifulFreaks</a> via <a href=""http://photopin.com"">photopin</a> <a href=""http://creativecommons.org/licenses/by-sa/2.0/"">cc</a>",$,Drive,,,,,34.00824,-118.364737,http://www.yelp.com/biz/kenneth-hahn-state-recreation-area-los-angeles,Chill park to relax in with a view
Culver City,Museum of Jurassic Technology,Chill,jurassic.png,phone,$,12,,,,,34.02579,-118.395027,http://www.mjt.org/,Smoke a bowl before going. Trust me. 
Culver City,Honey's Kettle Chicken,Food/Drink,honeyskettle.png,phone,$,12,,,,,34.023125,-118.395382,http://www.yelp.com/c/culver-city-ca-us/food,Bomb fried chicken and biscuits- best eaten with their honey
Culver City,Father's Office,Food/Drink,fo.png,phone,$$,12,,,,,34.030358,-118.384786,http://fathersoffice.com/,Amazing burgers and beers; 21+
Culver City,Baldwin Hills Scenic Overlook,Chill,baldwin.png,phone,0,12,,,,,34.018236,-118.381599,http://www.parks.ca.gov/?page_id=22790,Panoramic view of Los Angeles. Parks nearby to play ball or picnic at
Culver City,Sony Pictures Studios ,Activity,sony.jpg,"photo credit: <a href=""https://www.flickr.com/photos/puck90/223343654/"">puck90</a> via <a href=""http://photopin.com"">photopin</a> <a href=""http://creativecommons.org/licenses/by-nc-sa/2.0/"">cc</a>",$,12,,,,,34.017289,-118.401951,http://sonypicturesstudios.com/,"TV tapings here. Register early, interesting crowd of people"
,,,,,,,,,,,,,,
Hollywood/Griffith,Upright Citizens Brigade Theatre,Activity,ucb.png,phone,$,2/302,,,,,34.1054,-118.318807,http://losangeles.ucbtheatre.com/,"Comedy shows- improv, sketch, and standup"
Hollywood/Griffith,Hollywood Bowl,Chill,bowl.jpg,"photo credit: <a href=""https://www.flickr.com/photos/mykalburns/2630161266/"">Burns!</a> via <a href=""http://photopin.com"">photopin</a> <a href=""http://creativecommons.org/licenses/by-nc-sa/2.0/"">cc</a>",$$,2/302,,,,,34.111864,-118.339187,http://www.hollywoodbowl.com/,Catch a concert here at this amphitheater 
Hollywood/Griffith,Walk of Fame,Chill,walk.jpg,"photo credit: <a href=""https://www.flickr.com/photos/44461337@N06/5358004710/"">gtall1</a> via <a href=""http://photopin.com"">photopin</a> <a href=""http://creativecommons.org/licenses/by/2.0/"">cc</a>",0,2/302,,,,,34.101428,-118.342259,http://www.walkoffame.com/,It's Hollywood
Hollywood/Griffith,Amoeba Records,Chill,amoeba.jpg,"photo credit: <a href=""https://www.flickr.com/photos/thomashawk/6484395403/"">Thomas Hawk</a> via <a href=""http://photopin.com"">photopin</a> <a href=""http://creativecommons.org/licenses/by-nc/2.0/"">cc</a>",$,2/302,,,,,34.097565,-118.329003,http://www.amoeba.com/,Huge record store-  $1 CD section if you feel experimental
Hollywood/Griffith,Museum of Death,Chill,death.jpg,"photo credit: <a href=""https://www.flickr.com/photos/waltarrrrr/6365119603/"">waltarrrrr</a> via <a href=""http://photopin.com"">photopin</a> <a href=""http://creativecommons.org/licenses/by-nc-nd/2.0/"">cc</a>",$$,2/302,,,,,34.101859,-118.321222,http://www.museumofdeath.net/,Interesting muesuem with everything dealing with death
Hollywood/Griffith,Universal Citywalk,Activity,citywalk.png,morgue,$,2/302,,,,Red line extension,34.137085,-118.353303,http://www.citywalkhollywood.com/,Shops and restaurants 
Hollywood/Griffith,Universal Studios,Activity,universals.png,phone,$$,2/302,,,,Red line extension,34.137997,-118.353576,http://www.universalstudioshollywood.com/,"Amusement park rides, Horror Nights - discount tickets at CTO"
Hollywood/Griffith,Little Armenia ,Food/Drink,l_arm.png,phone,$$,2/302,,,,,34.101365,-118.301372,http://www.littlearmenia.com/spotlight/restaurants/,Armenian food
Hollywood/Griffith,Mulholland Memorial Fountain,Chill,mfountain,phone,0,Drive,,,,,34.115414,-118.271297,http://www.yelp.com/biz/william-mulholland-memorial-fountain-los-angeles,Fountain lit up by multicolored lights
Hollywood/Griffith,Abandoned LA Zoo,Activity,zoo.jpg,"photo credit: <a href=""https://www.flickr.com/photos/kathrynhansen/5076024506/"">kathrynhansen</a> via <a href=""http://photopin.com"">photopin</a> <a href=""http://creativecommons.org/licenses/by-nc-nd/2.0/"">cc</a>",0,20,,,,201 extension,34.133862,-118.288513,http://www.yelp.com/biz/the-old-zoo-los-angeles-2,Old LA zoo- can sneak past the fences and walk around the cages 
Hollywood/Griffith,Hollywood Sign Hike,Explore,hollywood_sign.png,morgue,0,2/302,,,,,34.133995,-118.321682,http://www.hollywoodsign.org/,Classic hike which takes you up to the Hollywood sign
Hollywood/Griffith,Bronson Caves,Explore,bronson_caves.png,phone,0,2/302,,,,,34.121202,-118.314439,http://en.wikipedia.org/wiki/Bronson_Canyon,"Near the trailhead, these caves were used to film movies such as Batman"
Hollywood/Griffith,Griffith Park,Explore,g_p.jpg,"photo credit: <a href=""https://www.flickr.com/photos/cwsteeds/5337739724/"">Clinton Steeds</a> via <a href=""http://photopin.com"">photopin</a> <a href=""http://creativecommons.org/licenses/by/2.0/"">cc</a>",0,2/302,,,,DASH extension,34.136425,-118.294302,http://www.laparks.org/dos/parks/griffithpk/,"Hiking trails that go everywhere, from the Hollywood sign to a viewpoint of LA and Giffith Observatory"
Hollywood/Griffith,Griffith Observatroy,Chill,g_o.jpg,"photo credit: <a href=""https://www.flickr.com/photos/pedrosz/5895986083/"">szeke</a> via <a href=""http://photopin.com"">photopin</a> <a href=""http://creativecommons.org/licenses/by-sa/2.0/"">cc</a>",0,2/302,,,,DASH extension,34.118101,-118.300614,http://www.griffithobs.org/,Observatory with planetary exhibits and a view of LA. Popular spot to visit during both day and night
Hollywood/Griffith,Thai Town,Food/Drink,pa_ord.png,phone,$,2/302,,,,,34.098459,-118.306156,http://www.discoverlosangeles.com/blog/definitive-guide-thai-town,"Pa Ord (bomb noodles/thai tea), "
Hollywood/Griffith,Yamashiro Farmer's Market,Food/Drink,yama.jpg,"photo credit: <a href=""https://www.flickr.com/photos/santos/4816147923/"">chotda</a> via <a href=""http://photopin.com"">photopin</a> <a href=""http://creativecommons.org/licenses/by-nc-nd/2.0/"">cc</a>",$,2/302,,,,to sunset/alvarado,34.105467,-118.342218,http://www.yamashirorestaurant.com/tag/yamashiro-farmers-market/,Great view of LA while buying local produce and foods- tacos are a favorite here. Every Thursday in the summer
Hollywood/Griffith,Egyptian Theater,Chill,egypt.jpg,"photo credit: <a href=""https://www.flickr.com/photos/19779889@N00/2476766241/"">arbyreed</a> via <a href=""http://photopin.com"">photopin</a> <a href=""http://creativecommons.org/licenses/by-nc/2.0/"">cc</a>",$,2/302,,,,,34.10121,-118.336623,http://egyptiantheatre.com/egyptian/egypt.htm,Old theater with historic architecture- one of LA's hidden gems
